-- ============================================================
-- KIRA н”Ңлһ«нҸј нҶөн•© мӢңл“ң лҚ°мқҙн„° (02_seed_data.sql)
-- ============================================================
-- [лІ„м „] 7кі„мёө Г— 4м ңн’Ҳ Г— 2кі к°қмӮ¬(BMW/Mercedes) Г— 12нҳ‘л ҘмӮ¬ н’Җм„ёнҠё
--
-- [regulations м ңмҷё]
--   regulations 10мў… + pgvector hnsw мқёлҚұмҠӨлҠ” 01_schema.sqlмқҙ м Ғмһ¬н•ңлӢӨ.
--   (regulations: schemaк°Җ лӢЁмқј мҶҢмҠӨ, seedлҠ” мӢңлӮҳлҰ¬мҳӨ лҚ°мқҙн„°л§Ң)
--
-- [м ңн’Ҳ 3м¶•] customer_id(кі к°қмӮ¬) + model_name(м°Ёмў…) + amperage_ah(Ah)
--   bom_versions.production_from/to лЎң мғқмӮ° Lot кё°к°„ м¶”м Ғ.
--
-- [7кі„мёө нҠёлҰ¬] 0 Pack / 1 Module / 2 Cell / 3 нҷңл¬јм§Ҳ(CAMВ·ANO)
--             / 4 м „кө¬мІҙ / 5 м ңл ЁВ·м •м ң / 6 кҙ‘мӮ°
--
-- [4лҢҖ мӢңлӮҳлҰ¬мҳӨ]
--   в‘  BMW iX3 (108Ah мӣҗнҶө NCM811) в”Җв”Җ Happy: н•ңм–‘м…ҖвҶ’лҸҷм„ұCAMвҶ’нҳёмЈјлҰ¬нҠ¬, FEOC нҶөкіј вҶ’ л°ңн–ү мҷ„лЈҢ
--   в‘Ў BMW i4  (81Ah к°Ғнҳ•)         в”Җв”Җ Gray : лҢҖм„ұм •л°Җ м „кө¬мІҙ лҜёнҷ•мқё(мӢ лў°лҸ„ 0.70) вҶ’ HITL лҢҖкё°
--   в‘ў Mercedes GLC EV (94Ah к°Ғнҳ•) в”Җв”Җ Sad  : Lot1(2024)=мІӯм •м „кө¬мІҙ м •мғҒ / Lot2(2025)=Global Mining мӢ мһҘ мң„л°ҳВ·мҷёкөӯм§Җл¶„ 25%вҶ‘ вҶ’ м°ЁлӢЁ
--   в‘Ј Mercedes EQS (118Ah к°Ғнҳ•)   в”Җв”Җ Happy: мҡ°м§„л°°н„°лҰ¬вҶ’лҸҷм„ұCAMвҶ’м№ л ҲлҰ¬нҠ¬, м •мғҒ
--
-- мӢӨн–ү м „м ң: 01_schema.sql мқҙнӣ„ м Ғмһ¬(нҢҢмқјлӘ… м•ҢнҢҢлІімҲң мһҗлҸҷ мӢӨн–ү).
--           нҢҢкҙҙм Ғ ліҖкІҪ вҶ’ лЎңм»¬мқҖ docker compose down -v м„ н–ү н•„мҲҳ.
-- ============================================================


-- ============================================================
-- 1. н…Ңл„ҢнҠё / мӮ¬мҡ©мһҗ / к¶Ңн•ң (мҳҒм—ӯ 1)
-- ============================================================
INSERT INTO tenants (tenant_id, company_name, business_reg_no, subscription_status)
VALUES ('a0eebc99-9c0b-4ef8-bb6d-6bb9bd380a11', 'KIRA Platform OEM', '123-45-67890', 'active');

-- мӣҗмІӯ кҙҖлҰ¬мһҗ + ESG/кө¬л§Ө лӢҙлӢ№мһҗ + нҳ‘л ҘмӮ¬ мӮ¬мҡ©мһҗ
INSERT INTO users (user_id, tenant_id, email, password_hash, name, role) VALUES
('11111111-0000-4000-8000-000000000001', 'a0eebc99-9c0b-4ef8-bb6d-6bb9bd380a11', 'admin@kira.demo',       '$2b$12$XO1O./JYL5VKDkodX2RdpOZSfFA7PSkeViaPqiOSQG4szW7fGVjf.', 'Admin User',      'admin'),
('11111111-0000-4000-8000-000000000002', 'a0eebc99-9c0b-4ef8-bb6d-6bb9bd380a11', 'esg@kira.demo',         '$2b$12$XO1O./JYL5VKDkodX2RdpOZSfFA7PSkeViaPqiOSQG4szW7fGVjf.', 'ESG Manager',     'owner_esg'),
('11111111-0000-4000-8000-000000000003', 'a0eebc99-9c0b-4ef8-bb6d-6bb9bd380a11', 'buyer@kira.demo',       '$2b$12$XO1O./JYL5VKDkodX2RdpOZSfFA7PSkeViaPqiOSQG4szW7fGVjf.', 'Purchasing Lead', 'owner_purchasing'),
('11111111-0000-4000-8000-000000000004', 'a0eebc99-9c0b-4ef8-bb6d-6bb9bd380a11', 'ceo@hanyang.demo',      '$2b$12$XO1O./JYL5VKDkodX2RdpOZSfFA7PSkeViaPqiOSQG4szW7fGVjf.', 'Hanyang CEO',     'supplier_ceo'),
('11111111-0000-4000-8000-000000000005', 'a0eebc99-9c0b-4ef8-bb6d-6bb9bd380a11', 'esg@globalmining.demo', '$2b$12$XO1O./JYL5VKDkodX2RdpOZSfFA7PSkeViaPqiOSQG4szW7fGVjf.', 'GMC ESG',         'supplier_esg'),
('11111111-0000-4000-8000-000000000006', 'a0eebc99-9c0b-4ef8-bb6d-6bb9bd380a11', 'esg@daesung.demo',      '$2b$12$XO1O./JYL5VKDkodX2RdpOZSfFA7PSkeViaPqiOSQG4szW7fGVjf.', 'Daesung ESG',     'supplier_esg'),
('11111111-0000-4000-8000-000000000007', 'a0eebc99-9c0b-4ef8-bb6d-6bb9bd380a11', 'ceo@woojin.demo',       '$2b$12$XO1O./JYL5VKDkodX2RdpOZSfFA7PSkeViaPqiOSQG4szW7fGVjf.', 'Woojin CEO',      'supplier_ceo');

-- лҚ°лӘЁ лЎңк·ёмқё кі„м • (н”„лЎ нҠё лЎңк·ёмқё нҷ”л©ҙ кё°ліёк°’ вҖ” oem/supplier). password: demo1234
-- (кө¬ alembic 0004_demo_accounts м—җм„ң мқҙкҙҖ вҖ” DDL/лҚ°мқҙн„° лӘЁл‘җ docker schemaВ·seed лЎң мқјмӣҗнҷ”)
INSERT INTO users (user_id, tenant_id, email, password_hash, name, role) VALUES
('11111111-0000-4000-8000-0000000000a1', 'a0eebc99-9c0b-4ef8-bb6d-6bb9bd380a11', 'oem@kira.demo',                '$2b$12$LdrfIceVZR7twTzU8rxKF.M0uqv9vmcUawZNKRoLjbjb9gAidiynS', 'Demo OEM',      'admin'),
('11111111-0000-4000-8000-0000000000b1', 'a0eebc99-9c0b-4ef8-bb6d-6bb9bd380a11', 'supplier@sulawesi-nickel.com', '$2b$12$LdrfIceVZR7twTzU8rxKF.M0uqv9vmcUawZNKRoLjbjb9gAidiynS', 'Demo Supplier', 'supplier_ceo');


-- ============================================================
-- 2. кі к°қмӮ¬ л§ҲмҠӨн„° (мҳҒм—ӯ 7 м„ н–ү) вҖ” OEM 2к°ң
-- ============================================================
INSERT INTO customers (customer_id, customer_code, customer_name, country, source_system, external_id) VALUES
('c0000000-0000-4000-8000-0000000000b1', 'BMW',      'BMW AG',                'DE', 'ERP_PLM', 'ERP-CUST-BMW'),
('c0000000-0000-4000-8000-0000000000b2', 'MERCEDES', 'Mercedes-Benz Group AG','DE', 'ERP_PLM', 'ERP-CUST-MB');


-- ============================================================
-- 4. нҳ‘л ҘмӮ¬ л§ҲмҠӨн„° (мҳҒм—ӯ 2) вҖ” мӣҗмІӯ 1 + нҳ‘л ҘмӮ¬ 12к°ңмӮ¬
-- ============================================================
-- мӣҗмІӯ (OEM, tier0) вҖ” кіөкёүл§қ нҠёлҰ¬ лЈЁнҠё. supply_chain_map мөңмғҒмң„ parentлЎң мӮ¬мҡ©.
-- ліём§ҲмқҖ л°°н„°лҰ¬ нҢ© 'м ңмЎ°мӮ¬'(provider_type=manufacturer). мӣҗмІӯ/нҳ‘л ҘмӮ¬ кө¬л¶„мқҖ tier0(hop0)лЎң.
INSERT INTO suppliers (supplier_id, tenant_id, company_name, company_name_en, company_name_ko, ceo_name, provider_type, completeness_score, status, risk_level, feoc_status) VALUES
('a0000000-0000-4000-8000-000000000000', 'a0eebc99-9c0b-4ef8-bb6d-6bb9bd380a11', 'KIRA Energy Solutions', 'KIRA Energy Solutions', 'нӮӨлқјм—җл„Ҳм§ҖмҶ”лЈЁм…ҳ(мЈј)', 'KIRA CEO', 'manufacturer', 100, 'supplier_verified', 'low', 'eligible');

-- м ңмЎ°мӮ¬/м…Җ
INSERT INTO suppliers (supplier_id, tenant_id, company_name, company_name_en, company_name_ko, ceo_name, provider_type, completeness_score, status, risk_level, feoc_status) VALUES
('a1111111-1111-4000-8000-000000000001', 'a0eebc99-9c0b-4ef8-bb6d-6bb9bd380a11', 'н•ңм–‘м…Җ м ңмЎ°(мЈј)', 'Hanyang Cell Mfg',   'н•ңм–‘м…Җ м ңмЎ°(мЈј)', 'Kim CEO',   'manufacturer', 92, 'supplier_verified',    'low',      'eligible'),
('a7777777-7777-4000-8000-000000000007', 'a0eebc99-9c0b-4ef8-bb6d-6bb9bd380a11', 'мҡ°м§„л°°н„°лҰ¬(мЈј)',  'Woojin Battery',     'мҡ°м§„л°°н„°лҰ¬(мЈј)',  'Park CEO',  'manufacturer', 90, 'supplier_verified',    'low',      'eligible'),
('a8888888-8888-4000-8000-000000000008', 'a0eebc99-9c0b-4ef8-bb6d-6bb9bd380a11', 'мҡ°м§„м…Җ(мЈј)',      'Woojin Cell',        'мҡ°м§„м…Җ(мЈј)',      'Park CTO',  'manufacturer', 88, 'supplier_verified',    'low',      'eligible');

-- CAM/м „кө¬мІҙ (нҷңл¬јм§ҲВ·м „кө¬мІҙ tier 4~5)
INSERT INTO suppliers (supplier_id, tenant_id, company_name, company_name_en, company_name_ko, ceo_name, provider_type, completeness_score, status, risk_level, feoc_status) VALUES
('a2222222-2222-4000-8000-000000000002', 'a0eebc99-9c0b-4ef8-bb6d-6bb9bd380a11', 'лҸҷм„ұлЁёнӢ°лҰ¬м–ј(мЈј)', 'Dongsung Material', 'лҸҷм„ұлЁёнӢ°лҰ¬м–ј(мЈј)', 'Choi CEO',  'manufacturer', 89, 'supplier_verified',    'low',      'eligible'),
('a4444444-4444-4000-8000-000000000004', 'a0eebc99-9c0b-4ef8-bb6d-6bb9bd380a11', 'лҢҖм„ұм •л°Җ(мЈј)',     'Daesung Precision', 'лҢҖм„ұм •л°Җ(мЈј)',     'Lee CEO',   'manufacturer', 55, 'supplier_review',      'medium',   'under_review'),
('a6666666-6666-4000-8000-000000000006', 'a0eebc99-9c0b-4ef8-bb6d-6bb9bd380a11', 'мІӯм •м „кө¬мІҙ(мЈј)',   'Cheongjeong Precursor','мІӯм •м „кө¬мІҙ(мЈј)', 'Jung CEO',  'manufacturer', 85, 'supplier_verified',    'low',      'eligible');

-- м ңл ЁВ·м •м ң (tier 6)
INSERT INTO suppliers (supplier_id, tenant_id, company_name, company_name_en, company_name_ko, ceo_name, provider_type, completeness_score, status, risk_level, feoc_status) VALUES
('aaaaaaaa-aaaa-4000-8000-00000000000a', 'a0eebc99-9c0b-4ef8-bb6d-6bb9bd380a11', 'н•ңмӨ‘м ңл Ё(мЈј)',    'Hanjung Refinery',  'н•ңмӨ‘м ңл Ё(мЈј)',    'Yoon CEO',  'manufacturer', 80, 'supplier_verified',    'low',      'eligible'),
('acacacac-acac-4000-8000-0000000000ac', 'a0eebc99-9c0b-4ef8-bb6d-6bb9bd380a11', 'Xinjiang Nickel Refinery', 'Xinjiang Nickel Refinery', NULL, 'Wang CEO', 'manufacturer', 60, 'supplier_review', 'high', 'under_review');

-- кҙ‘мӮ° (tier 7)
INSERT INTO suppliers (supplier_id, tenant_id, company_name, company_name_en, company_name_ko, ceo_name, provider_type, completeness_score, status, risk_level, feoc_status) VALUES
('a3333333-3333-4000-8000-000000000003', 'a0eebc99-9c0b-4ef8-bb6d-6bb9bd380a11', 'нҳёмЈјлҰ¬нҠ¬кҙ‘м—…', 'Australia Lithium Mining', NULL, 'Smith CEO', 'miner', 86, 'supplier_verified',  'low',      'eligible'),
('a9999999-9999-4000-8000-000000000009', 'a0eebc99-9c0b-4ef8-bb6d-6bb9bd380a11', 'м№ л ҲлҰ¬нҠ¬кҙ‘м—…', 'Chile Lithium Mining',     NULL, 'Garcia CEO','miner', 84, 'supplier_verified',  'low',      'eligible'),
('a5555555-5555-4000-8000-000000000005', 'a0eebc99-9c0b-4ef8-bb6d-6bb9bd380a11', 'Global Mining Corp', 'Global Mining Corp', NULL, 'Zhang CEO', 'miner', 35, 'supplier_violation', 'critical', 'ineligible');

-- нҠёл ҲмқҙлҚ” (i4 Gray вҖ” лҜёнҷ•мқё м „кө¬мІҙ)
INSERT INTO suppliers (supplier_id, tenant_id, company_name, company_name_en, provider_type, completeness_score, status, risk_level, feoc_status) VALUES
('abababab-abab-4000-8000-0000000000ab', 'a0eebc99-9c0b-4ef8-bb6d-6bb9bd380a11', 'Unverified Precursor Trading', 'Unverified Precursor Trading', 'trader', 40, 'supplier_in_progress', 'medium', 'under_review');


-- ============================================================
-- 5. кіөмһҘ / мӮ¬м—…мһҘ (мҳҒм—ӯ 2) вҖ” PostGIS мўҢн‘ң (Geo Audit н•өмӢ¬)
-- ============================================================
-- мӢ мһҘ мўҢн‘ң ST_MakePoint(86.0, 41.0) = мӢ мһҘ нҸҙлҰ¬кіӨ лӮҙл¶Җ (Sad мң„л°ҳ нҠёлҰ¬кұ°)
INSERT INTO supplier_factories (factory_id, supplier_id, factory_name, factory_name_en, country, region, location, factory_role, destination, applicable_regulations, supply_ratio_percent) VALUES
-- н•ңм–‘м…Җ [Happy] нҸ¬н•ӯ(EUеҗ‘)
('f1111111-0000-4000-8000-000000000001', 'a1111111-1111-4000-8000-000000000001', 'нҸ¬н•ӯ м ң1кіөмһҘ', 'Pohang Plant 1', 'KR', 'Pohang', ST_SetSRID(ST_MakePoint(129.343, 36.019), 4326), 'production', 'EU', '["EU_BATTERY","EU_BATTERY_ART7","EU_BATTERY_ART47","EUDR","CSDDD"]'::jsonb, 100.00),
-- мҡ°м§„л°°н„°лҰ¬ [Happy] мҡёмӮ°(EUеҗ‘)
('f7777777-0000-4000-8000-000000000007', 'a7777777-7777-4000-8000-000000000007', 'мҡёмӮ° кіөмһҘ', 'Ulsan Plant', 'KR', 'Ulsan', ST_SetSRID(ST_MakePoint(129.311, 35.538), 4326), 'production', 'EU', '["EU_BATTERY","EU_BATTERY_ART7","CSDDD"]'::jsonb, 100.00),
-- мҡ°м§„м…Җ
('f8888888-0000-4000-8000-000000000008', 'a8888888-8888-4000-8000-000000000008', 'мІӯмЈј м…ҖкіөмһҘ', 'Cheongju Cell Plant', 'KR', 'Cheongju', ST_SetSRID(ST_MakePoint(127.489, 36.642), 4326), 'production', 'EU', '["EU_BATTERY"]'::jsonb, 100.00),
-- лҸҷм„ұлЁёнӢ°лҰ¬м–ј CAM
('f2222222-0000-4000-8000-000000000002', 'a2222222-2222-4000-8000-000000000002', 'мІңм•Ҳ м–‘к·№мһ¬кіөмһҘ', 'Cheonan CAM Plant', 'KR', 'Cheonan', ST_SetSRID(ST_MakePoint(127.114, 36.815), 4326), 'processing', 'BOTH', '["EU_BATTERY","CRMA","CONFLICT_MINERALS"]'::jsonb, 100.00),
-- лҢҖм„ұм •л°Җ [Gray] нҷ”м„ұ
('f4444444-0000-4000-8000-000000000004', 'a4444444-4444-4000-8000-000000000004', 'нҷ”м„ұ кіөмһҘ', 'Hwaseong Plant', 'KR', 'Hwaseong', ST_SetSRID(ST_MakePoint(126.831, 37.199), 4326), 'processing', 'EU', '["EU_BATTERY","CSDDD"]'::jsonb, 100.00),
-- мІӯм •м „кө¬мІҙ [Sad-Lot1 м •мғҒ]
('f6666666-0000-4000-8000-000000000006', 'a6666666-6666-4000-8000-000000000006', 'кҙ‘м–‘ м „кө¬мІҙкіөмһҘ', 'Gwangyang Precursor', 'KR', 'Gwangyang', ST_SetSRID(ST_MakePoint(127.700, 34.940), 4326), 'processing', 'BOTH', '["EU_BATTERY","CRMA"]'::jsonb, 100.00),
-- н•ңмӨ‘м ңл Ё tier6
('faaaaaaa-0000-4000-8000-00000000000a', 'aaaaaaaa-aaaa-4000-8000-00000000000a', 'мҳЁмӮ° м ңл ЁмҶҢ', 'Onsan Refinery', 'KR', 'Onsan', ST_SetSRID(ST_MakePoint(129.347, 35.428), 4326), 'processing', 'BOTH', '["IRA","CRMA"]'::jsonb, 100.00),
-- мӢ мһҘлӢҲмјҲм ңл Ё [Sad tier6]
('facacaca-0000-4000-8000-0000000000ac', 'acacacac-acac-4000-8000-0000000000ac', 'Xinjiang Refinery', 'Xinjiang Refinery', 'CN', 'Xinjiang', ST_SetSRID(ST_MakePoint(86.150, 41.120), 4326), 'processing', 'US', '["UFLPA","IRA"]'::jsonb, 100.00),
-- нҳёмЈјлҰ¬нҠ¬кҙ‘мӮ° [Happy tier7]
('f3333333-0000-4000-8000-000000000003', 'a3333333-3333-4000-8000-000000000003', 'Greenbushes Mine', 'Greenbushes Mine', 'AU', 'Western Australia', ST_SetSRID(ST_MakePoint(116.060, -33.860), 4326), 'mining', 'BOTH', '["CRMA"]'::jsonb, 100.00),
-- м№ л ҲлҰ¬нҠ¬кҙ‘мӮ° [Happy tier7]
('f9999999-0000-4000-8000-000000000009', 'a9999999-9999-4000-8000-000000000009', 'Atacama Mine', 'Atacama Mine', 'CL', 'Antofagasta', ST_SetSRID(ST_MakePoint(-68.200, -23.500), 4326), 'mining', 'BOTH', '["CRMA"]'::jsonb, 100.00),
-- Global Mining мӢ мһҘ кҙ‘мӮ° [Sad tier7 вҖ” мң„л°ҳ н•өмӢ¬ л…ёл“ң]
('f5555555-0000-4000-8000-000000000005', 'a5555555-5555-4000-8000-000000000005', 'Xinjiang NCM Mine A', 'Xinjiang NCM Mine A', 'CN', 'Xinjiang', ST_SetSRID(ST_MakePoint(86.000, 41.000), 4326), 'mining', 'US', '["UFLPA","IRA"]'::jsonb, 100.00);

-- view_permissions: ESG лӢҙлӢ№мһҗк°Җ н•ңм–‘м…Җ н•ҳмң„ 3м°ЁмҲҳк№Ңм§Җ м—ҙлһҢ
INSERT INTO view_permissions (user_id, viewable_supplier_id, can_view_parent, can_view_children, can_view_siblings, depth_limit, granted_by) VALUES
('11111111-0000-4000-8000-000000000002', 'a1111111-1111-4000-8000-000000000001', FALSE, TRUE, FALSE, 3, '11111111-0000-4000-8000-000000000001');

-- м—°лқҪ лӢҙлӢ№мһҗ (мЈјмҡ” 3мӮ¬)
INSERT INTO supplier_contacts (supplier_id, factory_id, name, name_en, role, department, email, phone, is_primary, language) VALUES
('a1111111-1111-4000-8000-000000000001', 'f1111111-0000-4000-8000-000000000001', 'к№ҖлӢҙлӢ№', 'Mr. Kim', 'ESG Manager', 'Sustainability', 'kim@hanyang.demo', '+82-54-000-0001', TRUE, 'ko'),
('a5555555-5555-4000-8000-000000000005', 'f5555555-0000-4000-8000-000000000005', 'Li Manager', 'Li Manager', 'Compliance', 'Compliance', 'li@globalmining.demo', '+86-991-000-0005', TRUE, 'en'),
('a4444444-4444-4000-8000-000000000004', 'f4444444-0000-4000-8000-000000000004', 'мқҙлӢҙлӢ№', 'Ms. Lee', 'Quality', 'QA', 'lee@daesung.demo', '+82-31-000-0004', TRUE, 'ko');

-- мҳЁліҙл”© / SLA
INSERT INTO supplier_onboarding (supplier_id, consent_status, consent_signed_at, agreement_status, last_invited_at, sla_due_date, reminder_count) VALUES
('a1111111-1111-4000-8000-000000000001', 'consent_agreed',  now() - interval '20 days', 'agreed',  now() - interval '21 days', now() - interval '7 days', 0),
('a4444444-4444-4000-8000-000000000004', 'consent_agreed',  now() - interval '5 days',  'agreed',  now() - interval '6 days',  now() + interval '8 days', 1),
('abababab-abab-4000-8000-0000000000ab', 'consent_pending', NULL,                        'pending', now() - interval '22 days', now() - interval '8 days', 3);

-- мқёмҰқм„ң
INSERT INTO supplier_certifications (supplier_id, certification_type, certification_no, issued_at, expires_at, issuing_body) VALUES
('a1111111-1111-4000-8000-000000000001', 'ISO 14001', 'ISO-14001-HY-2023', '2023-01-01', '2026-12-31', 'KAB'),
('a5555555-5555-4000-8000-000000000005', 'Bettercoal', 'BC-GMC-2022',       '2022-06-01', now()::date + 20, 'Bettercoal');


-- ============================================================
-- 3. м ңн’Ҳ л§ҲмҠӨн„° 4мў… + BOM лІ„м „ (мҳҒм—ӯ 7) вҖ” 3м¶•(кі к°қмӮ¬В·кё°к°„В·мЎ°м„ұ)
-- ============================================================
-- в‘  BMW iX3 50 вҖ” 108Ah мӣҗнҶөнҳ• NCM811 [Happy]
-- в‘Ў BMW i4     вҖ” 81Ah к°Ғнҳ• NCM       [Gray]
-- в‘ў Mercedes GLC EV вҖ” 94Ah к°Ғнҳ• NCM  [Sad, кё°к°„лі„ 2 Lot]
-- в‘Ј Mercedes EQS    вҖ” 118Ah к°Ғнҳ• NCM [Happy]
-- [мҲңм„ң мқҙлҸҷ мқҙмң ] products.manufacturer_id вҶ’ suppliers FK мқҳмЎҙ.
--   suppliers л§ҲмҠӨн„°(4лІҲ)мҷҖ кіөмһҘ(5лІҲ)мқҙ лӘЁл‘җ INSERTлҗң л’Өм—җ мҷҖм•ј FK мң„л°ҳмқҙ м•Ҳ лӮңлӢӨ.
INSERT INTO products (product_id, product_code, product_name, manufacturer_id, tenant_id, customer_id, model_name, amperage_ah, type, source_system, external_id) VALUES
('d1111111-0000-4000-8000-000000000001', 'BMW-IX3-NCM811-108', 'BMW iX3 Cylindrical NCM811 108Ah', 'a1111111-1111-4000-8000-000000000001', 'a0eebc99-9c0b-4ef8-bb6d-6bb9bd380a11', 'c0000000-0000-4000-8000-0000000000b1', 'iX3 50',  108.00, 'battery_pack', 'ERP_PLM', 'ERP-PROD-IX3'),
('d2222222-0000-4000-8000-000000000002', 'BMW-I4-NCM-81',      'BMW i4 Prismatic NCM 81Ah',        'a1111111-1111-4000-8000-000000000001', 'a0eebc99-9c0b-4ef8-bb6d-6bb9bd380a11', 'c0000000-0000-4000-8000-0000000000b1', 'i4',       81.00, 'battery_pack', 'ERP_PLM', 'ERP-PROD-I4'),
('d3333333-0000-4000-8000-000000000003', 'MB-GLC-NCM-94',      'Mercedes GLC EV Prismatic NCM 94Ah','a7777777-7777-4000-8000-000000000007', 'a0eebc99-9c0b-4ef8-bb6d-6bb9bd380a11', 'c0000000-0000-4000-8000-0000000000b2', 'GLC EV',   94.00, 'battery_pack', 'ERP_PLM', 'ERP-PROD-GLC'),
('d4444444-0000-4000-8000-000000000004', 'MB-EQS-NCM-118',     'Mercedes EQS Prismatic NCM 118Ah', 'a7777777-7777-4000-8000-000000000007', 'a0eebc99-9c0b-4ef8-bb6d-6bb9bd380a11', 'c0000000-0000-4000-8000-0000000000b2', 'EQS',     118.00, 'battery_pack', 'ERP_PLM', 'ERP-PROD-EQS');

-- BOM лІ„м „: в‘ў GLCл§Ң кё°к°„лі„ 2 Lot(2024 м •мғҒ / 2025 мӢ мһҘ мң„л°ҳ), лӮҳлЁём§Җ лӢЁмқј
INSERT INTO bom_versions (bom_version_id, product_id, version_number, production_from, production_to, status, source_system, external_id) VALUES
('e1111111-0000-4000-8000-000000000001', 'd1111111-0000-4000-8000-000000000001', '1.0', '2025-01-01', NULL,         'active',     'ERP_PLM', 'ERP-BOM-IX3'),
('e2222222-0000-4000-8000-000000000002', 'd2222222-0000-4000-8000-000000000002', '1.0', '2025-01-01', NULL,         'active',     'ERP_PLM', 'ERP-BOM-I4'),
('e3333333-0000-4000-8000-000000000031', 'd3333333-0000-4000-8000-000000000003', '1.0', '2024-01-01', '2024-12-31', 'deprecated', 'ERP_PLM', 'ERP-BOM-GLC-2024'),
('e3333333-0000-4000-8000-000000000032', 'd3333333-0000-4000-8000-000000000003', '2.0', '2025-01-01', NULL,         'active',     'ERP_PLM', 'ERP-BOM-GLC-2025'),
('e4444444-0000-4000-8000-000000000004', 'd4444444-0000-4000-8000-000000000004', '1.0', '2025-01-01', NULL,         'active',     'ERP_PLM', 'ERP-BOM-EQS');


-- ============================================================
-- 6. Provider Type CTI мғҒм„ё (мҳҒм—ӯ 3)
-- ============================================================
-- м ңмЎ° нғ„мҶҢм§‘м•ҪлҸ„ (EU л°°н„°лҰ¬лІ• Art.7)
INSERT INTO supplier_manufacturer_details (supplier_id, manufacturing_process, energy_source, capacity, carbon_intensity) VALUES
('a1111111-1111-4000-8000-000000000001', 'NCM811 Cell Assembly', 'renewable', '10GWh/yr', 2.3400),
('a7777777-7777-4000-8000-000000000007', 'Prismatic NCM Cell Assembly', 'renewable', '8GWh/yr', 2.5100),
('a2222222-2222-4000-8000-000000000002', 'CAM Sintering (NCM811)', 'mixed', '5GWh/yr', 3.1000),
-- лҢҖм„ұм •л°Җ: energy_source NULL (м ҖмӢ лў° нҢҢмӢұ мӣҗмқё вҖ” Gray)
('a4444444-4444-4000-8000-000000000004', 'NCM м–‘к·№мһ¬/нҷңл¬јм§Ҳ к°Җкіө', NULL, '2GWh/yr', NULL);

-- мӢ мһҘ кҙ‘мӮ° мғҒм„ё (Sad вҖ” Ni/Co/Mn/Li мӣҗкҙ‘) + мӢ мһҘ мўҢн‘ң
INSERT INTO supplier_miner_details (supplier_id, mine_name, mining_method, extraction_volume, mine_coordinates, active_period_from) VALUES
('a5555555-5555-4000-8000-000000000005', 'Xinjiang NCM Mineral Mine A', 'open_pit', 50000.00, ST_SetSRID(ST_MakePoint(86.000, 41.000), 4326), '2020-01-01'),
('a3333333-3333-4000-8000-000000000003', 'Greenbushes Lithium', 'open_pit', 80000.00, ST_SetSRID(ST_MakePoint(116.060, -33.860), 4326), '2018-01-01'),
('a9999999-9999-4000-8000-000000000009', 'Atacama Brine', 'brine', 60000.00, ST_SetSRID(ST_MakePoint(-68.200, -23.500), 4326), '2019-01-01');

-- нҠёл ҲмқҙлҚ” кіөк°ңмңЁ лӮ®мқҢ (i4 Gray)
INSERT INTO supplier_trader_details (supplier_id, trading_license, broker_certification, disclosure_completeness) VALUES
('abababab-abab-4000-8000-0000000000ab', 'TR-LIC-2023', NULL, 45.00);

INSERT INTO trader_disclosure_obligation (trader_supplier_id, upstream_supplier_id, disclosure_completeness, last_audited_at) VALUES
('abababab-abab-4000-8000-0000000000ab', 'a5555555-5555-4000-8000-000000000005', 45.00, now() - interval '10 days');


-- ============================================================
-- 7. лҰ¬мҠӨнҒ¬ н”„лЎңн•„ (мҳҒм—ӯ 4)
-- ============================================================
INSERT INTO supplier_risk_profiles (supplier_id, overall_risk_score, risk_level, self_reported_risk_level, feoc_status, feoc_direct_ownership, is_high_risk_flag, high_risk_reasons, last_risk_review_at) VALUES
-- мӣҗмІӯ (tier0 лЈЁнҠё) вҖ” нҠёлҰ¬ лЈЁнҠё л…ёл“ң мғүмғҒ/лҰ¬мҠӨнҒ¬ NULL л°©м§Җмҡ© мөңмҶҢ н”„лЎңн•„
('a0000000-0000-4000-8000-000000000000', 0,  'low',      'low',     'eligible',     0.00,  FALSE, NULL, now() - interval '7 days'),
('a1111111-1111-4000-8000-000000000001', 10, 'low',      'low',     'eligible',     0.00,  FALSE, NULL, now() - interval '7 days'),
('a7777777-7777-4000-8000-000000000007', 10, 'low',      'low',     'eligible',     0.00,  FALSE, NULL, now() - interval '7 days'),
('a2222222-2222-4000-8000-000000000002', 15, 'low',      'low',     'eligible',     0.00,  FALSE, NULL, now() - interval '7 days'),
-- Global Mining: critical (FEOC мҷёкөӯм§Җл¶„ 28.5% > 25% м°ЁлӢЁм„ , мӢ мһҘ)
('a5555555-5555-4000-8000-000000000005', 80, 'critical', 'medium',  'ineligible',  28.50, TRUE,  '["FEOC мҡ°л Өкөӯ м§Җл¶„ 28.5% (25% мҙҲкіј)","мӢ мһҘ мқём ‘ кҙ‘мӮ°","UFLPA к°•м ңл…ёлҸҷ мқҳнҳ№"]'::jsonb, now() - interval '2 days'),
('acacacac-acac-4000-8000-0000000000ac', 55, 'high',     'low',     'under_review', 0.00, TRUE,  '["мӢ мһҘ мқём ‘ м ңл ЁмҶҢ"]'::jsonb, now() - interval '4 days'),
-- лҢҖм„ұм •л°Җ: medium (мһҗлЈҢ лҜёл№„)
('a4444444-4444-4000-8000-000000000004', 35, 'medium',   'low',     'under_review', 0.00, FALSE, '["мһҗлЈҢ мҷ„м„ұлҸ„ лҜёнқЎ"]'::jsonb, now() - interval '3 days'),
('abababab-abab-4000-8000-0000000000ab', 30, 'medium',   'unknown', 'under_review', 0.00, FALSE, '["кіөк°ңмңЁ 45%"]'::jsonb, now() - interval '10 days');

-- мӢӨмӮ¬ кё°лЎқ (Global Mining ліҙмҷ„ н•„мҡ”)
INSERT INTO supplier_audit_records (supplier_id, audit_date, audit_type, auditor, audit_status, inspector_id, result, next_audit_due) VALUES
('a5555555-5555-4000-8000-000000000005', now()::date - 30, 'on_site', 'Third Party Auditor', 'in_progress', '11111111-0000-4000-8000-000000000002', 'pending', now()::date + 30);

-- мқёк¶Ң мқҙмҠҲ (Global Mining к°•м ңл…ёлҸҷ вҖ” UFLPA к·јкұ°)
INSERT INTO supplier_human_rights_issues (supplier_id, factory_id, issue_type, severity, description, detected_at, status, source) VALUES
('a5555555-5555-4000-8000-000000000005', 'f5555555-0000-4000-8000-000000000005', 'forced_labor', 'critical', 'мӢ мһҘ м§Җм—ӯ к°•м ңл…ёлҸҷ мқҳнҳ№', now() - interval '40 days', 'open', 'NGO Report');

-- мӮ°мһ¬ (мЎ°мӮ¬мӨ‘)
INSERT INTO supplier_industrial_accidents (supplier_id, factory_id, accident_date, accident_type, description, casualties, status) VALUES
('a5555555-5555-4000-8000-000000000005', 'f5555555-0000-4000-8000-000000000005', now()::date - 15, 'serious_injury', 'кҙ‘мӮ° л¶•кҙҙ мӮ¬кі ', 2, 'investigating');


-- ============================================================
-- 8. мӣҗмӮ°м§Җ мҰқлӘ…м„ң (мҳҒм—ӯ 5)
-- ============================================================
INSERT INTO origin_certificates (supplier_id, factory_id, cert_type, cert_number, issuing_authority, issued_at, expires_at, origin_country, status) VALUES
('a1111111-1111-4000-8000-000000000001', 'f1111111-0000-4000-8000-000000000001', 'CONFLICT_FREE', 'CF-HY-2024',  'RMI',  '2024-06-01', now()::date + 200, 'KR', 'valid'),
('a3333333-3333-4000-8000-000000000003', 'f3333333-0000-4000-8000-000000000003', 'CONFLICT_FREE', 'CF-AU-2024',  'RMI',  '2024-05-01', now()::date + 250, 'AU', 'valid'),
('a9999999-9999-4000-8000-000000000009', 'f9999999-0000-4000-8000-000000000009', 'CONFLICT_FREE', 'CF-CL-2024',  'RMI',  '2024-04-01', now()::date + 240, 'CL', 'valid'),
('a5555555-5555-4000-8000-000000000005', 'f5555555-0000-4000-8000-000000000005', 'UFLPA_REBUTTAL','UF-GMC-2024', 'Self', '2024-01-01', now()::date + 15,  'CN', 'expiring_soon'),
('a4444444-4444-4000-8000-000000000004', 'f4444444-0000-4000-8000-000000000004', 'GENERAL',       'GEN-DS-2024', 'KCCI', '2024-03-01', now()::date + 100, 'KR', 'under_review');


-- ============================================================
-- 9. көҗмңЎ кҙҖлҰ¬ (мҳҒм—ӯ 6)
-- ============================================================
INSERT INTO training_materials (material_id, title, title_en, category, format, duration_minutes, required_for, version) VALUES
('a1111111-0000-4000-8000-0000000000a1', 'мқёк¶Ң мӢӨмӮ¬ көҗмңЎ', 'Human Rights DD',    'human_rights',      'online', 60, '["CSDDD"]'::jsonb, 'v1'),
('a1111111-0000-4000-8000-0000000000a2', 'л¶„мҹҒкҙ‘л¬ј көҗмңЎ',  'Conflict Minerals',  'conflict_minerals', 'video',  30, '["CONFLICT_MINERALS"]'::jsonb, 'v1');

INSERT INTO training_records (supplier_id, factory_id, material_id, trainee_count, total_eligible, completion_rate, completed_at, due_date, status) VALUES
('a1111111-1111-4000-8000-000000000001', 'f1111111-0000-4000-8000-000000000001', 'a1111111-0000-4000-8000-0000000000a1', 50, 50, 100.00, now() - interval '10 days', now()::date - 5, 'completed'),
('a5555555-5555-4000-8000-000000000005', 'f5555555-0000-4000-8000-000000000005', 'a1111111-0000-4000-8000-0000000000a1', 5,  40, 12.50,  NULL,                       now()::date - 10, 'overdue');


-- ============================================================
-- 10. л¶Җн’Ҳ 7кі„мёө нҠёлҰ¬ (мҳҒм—ӯ 7) вҖ” NCM811 кіөмң  л§ҲмҠӨн„°
-- ============================================================
-- T0 Pack вҶ’ T1 Module вҶ’ T2 Cell вҶ’ T3 нҷңл¬јм§Ҳ(CAMВ·ANO)
--   вҶ’ T4 м „кө¬мІҙ(PRE)В·м •м ңлҰ¬нҠ¬(LiOH) вҶ’ T5 м ңл Ё(NiВ·CoВ·Mn) вҶ’ T6 кҙ‘мӮ° мӣҗкҙ‘(NiВ·CoВ·MnВ·Li)
INSERT INTO parts (part_id, part_code, part_name, tier_level, parent_part_id, hs_code, material_type, unit_price, source_system, external_id) VALUES
-- T1
('b1111111-0000-4000-8000-000000000001', 'PACK-NCM811',  'Battery Pack',            0, NULL,                                     '850760', 'assembly',        1000.0000, 'ERP_PLM', 'ERP-PART-PACK'),
-- T2
('b1111111-0000-4000-8000-000000000002', 'MOD-NCM811',   'Module',                  1, 'b1111111-0000-4000-8000-000000000001', '850760', 'assembly',         400.0000, 'ERP_PLM', 'ERP-PART-MOD'),
-- T3
('b1111111-0000-4000-8000-000000000003', 'CELL-NCM811',  'Battery Cell',            2, 'b1111111-0000-4000-8000-000000000002', '850760', 'cell',             150.0000, 'ERP_PLM', 'ERP-PART-CELL'),
-- T4 нҷңл¬јм§Ҳ
('b1111111-0000-4000-8000-000000000006', 'CAM-NCM811',   'Cathode Active Material', 3, 'b1111111-0000-4000-8000-000000000003', '284190', 'active_material',    90.0000, 'ERP_PLM', 'ERP-PART-CAM'),
('b1111111-0000-4000-8000-000000000007', 'ANO-GRAPHITE', 'Anode Active Material',   3, 'b1111111-0000-4000-8000-000000000003', '380110', 'active_material',    30.0000, 'ERP_PLM', 'ERP-PART-ANO'),
-- T5 м „кө¬мІҙВ·м •м ңлҰ¬нҠ¬
('b1111111-0000-4000-8000-000000000004', 'PRE-NCM',      'NCM Precursor',           4, 'b1111111-0000-4000-8000-000000000006', '382490', 'precursor',          40.0000, 'ERP_PLM', 'ERP-PART-PRE'),
('b1111111-0000-4000-8000-000000000005', 'LIOH-REFINED', 'Lithium Hydroxide',       4, 'b1111111-0000-4000-8000-000000000006', '282520', 'refined_metal',      84.0000, 'ERP_PLM', 'ERP-PART-LIOH'),
-- T6 м ңл Ё (м „кө¬мІҙмқҳ мғҒмң„ = NiВ·CoВ·Mn нҷ©мӮ°м—ј/м •м ңкёҲмҶҚ)
('b1111111-0000-4000-8000-000000000011', 'REF-NI',       'Refined Nickel Sulfate',  5, 'b1111111-0000-4000-8000-000000000004', '283324', 'refined_metal',      22.0000, 'ERP_PLM', 'ERP-PART-REFNI'),
('b1111111-0000-4000-8000-000000000012', 'REF-CO',       'Refined Cobalt Sulfate',  5, 'b1111111-0000-4000-8000-000000000004', '283329', 'refined_metal',      36.0000, 'ERP_PLM', 'ERP-PART-REFCO'),
('b1111111-0000-4000-8000-000000000013', 'REF-MN',       'Refined Manganese Sulfate',5,'b1111111-0000-4000-8000-000000000004', '283339', 'refined_metal',       6.0000, 'ERP_PLM', 'ERP-PART-REFMN'),
-- T7 кҙ‘мӮ° мӣҗкҙ‘ (м ңл Ёмқҳ мғҒмң„)
('b1111111-0000-4000-8000-000000000008', 'MIN-NI',       'Nickel Ore',              6, 'b1111111-0000-4000-8000-000000000011', '260400', 'mineral',            18.0000, 'ERP_PLM', 'ERP-PART-NI'),
('b1111111-0000-4000-8000-000000000009', 'MIN-CO',       'Cobalt Ore',              6, 'b1111111-0000-4000-8000-000000000012', '260500', 'mineral',            32.0000, 'ERP_PLM', 'ERP-PART-CO'),
('b1111111-0000-4000-8000-00000000000a', 'MIN-MN',       'Manganese Ore',           6, 'b1111111-0000-4000-8000-000000000013', '260200', 'mineral',             4.0000, 'ERP_PLM', 'ERP-PART-MN'),
('b1111111-0000-4000-8000-00000000000b', 'MIN-LI',       'Lithium Ore (Spodumene)', 6, 'b1111111-0000-4000-8000-000000000005', '253090', 'mineral',            12.0000, 'ERP_PLM', 'ERP-PART-LI');

-- ------------------------------------------------------------
-- bom_items: 5к°ң BOM лІ„м „м—җ лҸҷмқј л¶Җн’Ҳ нҠёлҰ¬ м—°кІ° (мЎ°м„ұл№„ NCM811: Ni80/Co10/Mn10)
--   GLCлҠ” Lot1(2024)/Lot2(2025) 2лІ„м „ вҖ” лҸҷмқј л¶Җн’Ҳ, кіөкёүмӮ¬л§Ң supply_chain_mapм—җм„ң л¶„кё°
-- ------------------------------------------------------------
-- л§ӨнҒ¬лЎңм ҒмңјлЎң к°Ғ bom_version_idлі„ 7кі„мёө м „ н’ҲлӘ© л°ҳліө.
-- в‘  BMW iX3 (e1)
INSERT INTO bom_items (bom_version_id, part_id, required_quantity, required_quantity_unit, percentage, direct_material_cost, origin_country, source_system, external_id) VALUES
('e1111111-0000-4000-8000-000000000001', 'b1111111-0000-4000-8000-000000000003', 100, 'ea', 60.00, 150.0000, 'KR', 'ERP_PLM', 'ERP-BI-IX3-CELL'),
('e1111111-0000-4000-8000-000000000001', 'b1111111-0000-4000-8000-000000000006', 40,  'kg', 18.00,  90.0000, 'KR', 'ERP_PLM', 'ERP-BI-IX3-CAM'),
('e1111111-0000-4000-8000-000000000001', 'b1111111-0000-4000-8000-000000000007', 35,  'kg', 12.00,  30.0000, 'KR', 'ERP_PLM', 'ERP-BI-IX3-ANO'),
('e1111111-0000-4000-8000-000000000001', 'b1111111-0000-4000-8000-000000000011', 24,  'kg',  8.00,  22.0000, 'KR', 'ERP_PLM', 'ERP-BI-IX3-REFNI'),
('e1111111-0000-4000-8000-000000000001', 'b1111111-0000-4000-8000-000000000008', 30,  'kg',  4.00,  18.0000, 'AU', 'ERP_PLM', 'ERP-BI-IX3-NI'),
('e1111111-0000-4000-8000-000000000001', 'b1111111-0000-4000-8000-00000000000b', 12,  'kg',  2.00,  12.0000, 'AU', 'ERP_PLM', 'ERP-BI-IX3-LI');

-- в‘Ў BMW i4 (e2) вҖ” Gray: м „кө¬мІҙ лҜёнҷ•мқё
INSERT INTO bom_items (bom_version_id, part_id, required_quantity, required_quantity_unit, percentage, direct_material_cost, origin_country, source_system, external_id) VALUES
('e2222222-0000-4000-8000-000000000002', 'b1111111-0000-4000-8000-000000000003', 90,  'ea', 60.00, 150.0000, 'KR', 'ERP_PLM', 'ERP-BI-I4-CELL'),
('e2222222-0000-4000-8000-000000000002', 'b1111111-0000-4000-8000-000000000006', 38,  'kg', 18.00,  90.0000, 'KR', 'ERP_PLM', 'ERP-BI-I4-CAM'),
('e2222222-0000-4000-8000-000000000002', 'b1111111-0000-4000-8000-000000000004', 20,  'kg', 10.00,  40.0000, NULL, 'ERP_PLM', 'ERP-BI-I4-PRE');

-- в‘ў Mercedes GLC Lot1 2024 (e31) вҖ” м •мғҒ: мІӯм •м „кө¬мІҙ
INSERT INTO bom_items (bom_version_id, part_id, required_quantity, required_quantity_unit, percentage, direct_material_cost, origin_country, source_system, external_id) VALUES
('e3333333-0000-4000-8000-000000000031', 'b1111111-0000-4000-8000-000000000003', 95,  'ea', 60.00, 150.0000, 'KR', 'ERP_PLM', 'ERP-BI-GLC1-CELL'),
('e3333333-0000-4000-8000-000000000031', 'b1111111-0000-4000-8000-000000000004', 22,  'kg', 12.00,  40.0000, 'KR', 'ERP_PLM', 'ERP-BI-GLC1-PRE');

-- в‘ў Mercedes GLC Lot2 2025 (e32) вҖ” Sad: Global Mining мӢ мһҘ м „кө¬мІҙ
INSERT INTO bom_items (bom_version_id, part_id, required_quantity, required_quantity_unit, percentage, direct_material_cost, origin_country, source_system, external_id) VALUES
('e3333333-0000-4000-8000-000000000032', 'b1111111-0000-4000-8000-000000000003', 95,  'ea', 60.00, 150.0000, 'KR', 'ERP_PLM', 'ERP-BI-GLC2-CELL'),
('e3333333-0000-4000-8000-000000000032', 'b1111111-0000-4000-8000-000000000004', 22,  'kg', 12.00,  40.0000, 'CN', 'ERP_PLM', 'ERP-BI-GLC2-PRE'),
('e3333333-0000-4000-8000-000000000032', 'b1111111-0000-4000-8000-000000000008', 30,  'kg',  4.00,  18.0000, 'CN', 'ERP_PLM', 'ERP-BI-GLC2-NI');

-- в‘Ј Mercedes EQS (e4) вҖ” Happy: м№ л ҲлҰ¬нҠ¬
INSERT INTO bom_items (bom_version_id, part_id, required_quantity, required_quantity_unit, percentage, direct_material_cost, origin_country, source_system, external_id) VALUES
('e4444444-0000-4000-8000-000000000004', 'b1111111-0000-4000-8000-000000000003', 110, 'ea', 60.00, 150.0000, 'KR', 'ERP_PLM', 'ERP-BI-EQS-CELL'),
('e4444444-0000-4000-8000-000000000004', 'b1111111-0000-4000-8000-000000000006', 45,  'kg', 18.00,  90.0000, 'KR', 'ERP_PLM', 'ERP-BI-EQS-CAM'),
('e4444444-0000-4000-8000-000000000004', 'b1111111-0000-4000-8000-00000000000b', 14,  'kg',  2.00,  12.0000, 'CL', 'ERP_PLM', 'ERP-BI-EQS-LI');

-- ------------------------------------------------------------
-- нҳ‘л ҘмӮ¬вҶ”мӣҗмІӯ мҪ”л“ң л§Өн•‘
-- ------------------------------------------------------------
INSERT INTO part_code_mapping (part_id, supplier_id, supplier_part_code, original_part_code) VALUES
('b1111111-0000-4000-8000-000000000003', 'a1111111-1111-4000-8000-000000000001', 'HY-CELL-001', 'CELL-NCM811'),
('b1111111-0000-4000-8000-000000000006', 'a2222222-2222-4000-8000-000000000002', 'DM-CAM-001',  'CAM-NCM811'),
('b1111111-0000-4000-8000-000000000004', 'a4444444-4444-4000-8000-000000000004', 'DS-PRE-001',  'PRE-NCM'),
('b1111111-0000-4000-8000-000000000008', 'a5555555-5555-4000-8000-000000000005', 'GMC-NI-001',  'MIN-NI'),
('b1111111-0000-4000-8000-00000000000b', 'a3333333-3333-4000-8000-000000000003', 'AU-LI-001',   'MIN-LI');

-- ------------------------------------------------------------
-- кіөм • (CSDDD м¶”м Ғ)
-- ------------------------------------------------------------
INSERT INTO manufacturing_process (part_id, sequence_no, process_name, is_outsourced) VALUES
('b1111111-0000-4000-8000-000000000003', 1, 'Cell Coating',      FALSE),
('b1111111-0000-4000-8000-000000000003', 2, 'Cell Assembly',     FALSE),
('b1111111-0000-4000-8000-000000000006', 1, 'Cathode Sintering', FALSE),
('b1111111-0000-4000-8000-000000000011', 1, 'Nickel Refining',   FALSE);


-- ============================================================
-- 11. кіөкёүл§қ л§ө (мҳҒм—ӯ 8) вҖ” мӣҗмІӯ лЈЁнҠё + hop кІҪлЎңмҲңлІҲ м—°мҶҚ м—°кІ°
-- ============================================================
-- [м°ЁмҲҳ SSOT] hop_level = мӣҗмІӯ(parent NULL)=0 кё°мӨҖ кІҪлЎң мҲңлІҲ(+1 м—°мҶҚ, кұҙл„Ҳлӣ°кё° кёҲм§Җ).
--   В· нҠёлҰ¬ лЈЁнҠё = мӣҗмІӯ KIRA Energy Solutions(a0..0) к°Җ Pack(hop0) мқ„ л§Ңл“ лӢӨ.
--   В· л¶Җн’Ҳ tier(bom_depth=parts.tier_level)мҷҖлҠ” лҸ…лҰҪм¶• вҶ’ к°ҷмқҖ hop мқҙлқјлҸ„ tier лҠ” лӢӨлҘј мҲҳ мһҲкі ,
--     кІём—…/кі„мёөкұҙл„ҲлңҖ мӢң hop != tier к°Җ м •мғҒ.
--   В· кІём—…(лӢӨмӨ‘м—ӯн• ) кіөкёүмӮ¬лҠ” к°ҷмқҖ supplier_id к°Җ м—°мҶҚ hop м—җ self-edge(parent=child)лЎң мӨ‘ліө л“ұмһҘ.
--     мҳҲ) н•ңм–‘м…Җ = Module(hop1) + Cell(hop2).
-- ------------------------------------------------------------
-- в‘  BMW iX3 [Happy] мӣҗмІӯвҶ’н•ңм–‘м…Җ(ModuleвҶ’Cell кІём—…)вҶ’лҸҷм„ұCAMвҶ’н•ңмӨ‘м ңл ЁвҶ’нҳёмЈјлҰ¬нҠ¬
INSERT INTO supply_chain_map (map_id, bom_version_id, parent_supplier_id, child_supplier_id, part_id, hop_level, link_status, source_system, verification_status) VALUES
('51111111-0000-4000-8000-000000000001', 'e1111111-0000-4000-8000-000000000001', NULL,                                     'a0000000-0000-4000-8000-000000000000', 'b1111111-0000-4000-8000-000000000001', 0, 'supplychain_confirmed', 'ERP', 'verified'),
('51111111-0000-4000-8000-000000000002', 'e1111111-0000-4000-8000-000000000001', 'a0000000-0000-4000-8000-000000000000', 'a1111111-1111-4000-8000-000000000001', 'b1111111-0000-4000-8000-000000000002', 1, 'supplychain_confirmed', 'ERP', 'verified'),
('51111111-0000-4000-8000-000000000003', 'e1111111-0000-4000-8000-000000000001', 'a1111111-1111-4000-8000-000000000001', 'a1111111-1111-4000-8000-000000000001', 'b1111111-0000-4000-8000-000000000003', 2, 'supplychain_confirmed', 'ERP', 'verified'),
('51111111-0000-4000-8000-000000000004', 'e1111111-0000-4000-8000-000000000001', 'a1111111-1111-4000-8000-000000000001', 'a2222222-2222-4000-8000-000000000002', 'b1111111-0000-4000-8000-000000000006', 3, 'supplychain_confirmed', 'SUPPLIER_DECLARED', 'verified'),
('51111111-0000-4000-8000-000000000005', 'e1111111-0000-4000-8000-000000000001', 'a2222222-2222-4000-8000-000000000002', 'aaaaaaaa-aaaa-4000-8000-00000000000a', 'b1111111-0000-4000-8000-000000000011', 4, 'supplychain_confirmed', 'SUPPLIER_DECLARED', 'verified'),
('51111111-0000-4000-8000-000000000006', 'e1111111-0000-4000-8000-000000000001', 'aaaaaaaa-aaaa-4000-8000-00000000000a', 'a3333333-3333-4000-8000-000000000003', 'b1111111-0000-4000-8000-000000000008', 5, 'supplychain_confirmed', 'SUPPLIER_DECLARED', 'verified');

-- в‘Ў BMW i4 [Gray] мӣҗмІӯвҶ’н•ңм–‘м…Җ(ModuleвҶ’Cell кІём—…)вҶ’лҸҷм„ұCAMвҶ’лҜёнҷ•мқёнҠёл ҲмқҙлҚ”(м „кө¬мІҙ, м„ м–ёл§Ң)
INSERT INTO supply_chain_map (map_id, bom_version_id, parent_supplier_id, child_supplier_id, part_id, hop_level, link_status, source_system, verification_status) VALUES
('52222222-0000-4000-8000-000000000001', 'e2222222-0000-4000-8000-000000000002', NULL,                                     'a0000000-0000-4000-8000-000000000000', 'b1111111-0000-4000-8000-000000000001', 0, 'supplychain_confirmed', 'ERP', 'verified'),
('52222222-0000-4000-8000-000000000002', 'e2222222-0000-4000-8000-000000000002', 'a0000000-0000-4000-8000-000000000000', 'a1111111-1111-4000-8000-000000000001', 'b1111111-0000-4000-8000-000000000002', 1, 'supplychain_confirmed', 'ERP', 'verified'),
('52222222-0000-4000-8000-000000000003', 'e2222222-0000-4000-8000-000000000002', 'a1111111-1111-4000-8000-000000000001', 'a1111111-1111-4000-8000-000000000001', 'b1111111-0000-4000-8000-000000000003', 2, 'supplychain_confirmed', 'ERP', 'verified'),
('52222222-0000-4000-8000-000000000004', 'e2222222-0000-4000-8000-000000000002', 'a1111111-1111-4000-8000-000000000001', 'a2222222-2222-4000-8000-000000000002', 'b1111111-0000-4000-8000-000000000006', 3, 'supplychain_confirmed', 'SUPPLIER_DECLARED', 'verified'),
('52222222-0000-4000-8000-000000000005', 'e2222222-0000-4000-8000-000000000002', 'a2222222-2222-4000-8000-000000000002', 'abababab-abab-4000-8000-0000000000ab', 'b1111111-0000-4000-8000-000000000004', 4, 'supplychain_declared',  'SUPPLIER_DECLARED', 'unverified');

-- в‘ў Mercedes GLC Lot1 2024 [Sad-м •мғҒ] мӣҗмІӯвҶ’мҡ°м§„м…ҖвҶ’мІӯм •м „кө¬мІҙ (CAM кі„мёө кұҙл„ҲлңҖ: hop м—°мҶҚ, tier м җн”„)
INSERT INTO supply_chain_map (map_id, bom_version_id, parent_supplier_id, child_supplier_id, part_id, hop_level, link_status, source_system, verification_status) VALUES
('53111111-0000-4000-8000-000000000001', 'e3333333-0000-4000-8000-000000000031', NULL,                                     'a0000000-0000-4000-8000-000000000000', 'b1111111-0000-4000-8000-000000000001', 0, 'supplychain_confirmed', 'ERP', 'verified'),
('53111111-0000-4000-8000-000000000002', 'e3333333-0000-4000-8000-000000000031', 'a0000000-0000-4000-8000-000000000000', 'a8888888-8888-4000-8000-000000000008', 'b1111111-0000-4000-8000-000000000003', 1, 'supplychain_confirmed', 'ERP', 'verified'),
('53111111-0000-4000-8000-000000000003', 'e3333333-0000-4000-8000-000000000031', 'a8888888-8888-4000-8000-000000000008', 'a6666666-6666-4000-8000-000000000006', 'b1111111-0000-4000-8000-000000000004', 2, 'supplychain_confirmed', 'SUPPLIER_DECLARED', 'verified');

-- в‘ў Mercedes GLC Lot2 2025 [Sad-мң„л°ҳ] мӣҗмІӯвҶ’мҡ°м§„м…ҖвҶ’мӢ мһҘлӢҲмјҲм ңл Ё(м „кө¬мІҙ)вҶ’Global Mining(мӢ мһҘ лӢҲмјҲкҙ‘мӮ°)
INSERT INTO supply_chain_map (map_id, bom_version_id, parent_supplier_id, child_supplier_id, part_id, hop_level, link_status, source_system, verification_status) VALUES
('53222222-0000-4000-8000-000000000001', 'e3333333-0000-4000-8000-000000000032', NULL,                                     'a0000000-0000-4000-8000-000000000000', 'b1111111-0000-4000-8000-000000000001', 0, 'supplychain_confirmed', 'ERP', 'verified'),
('53222222-0000-4000-8000-000000000002', 'e3333333-0000-4000-8000-000000000032', 'a0000000-0000-4000-8000-000000000000', 'a8888888-8888-4000-8000-000000000008', 'b1111111-0000-4000-8000-000000000003', 1, 'supplychain_confirmed', 'ERP', 'verified'),
('53222222-0000-4000-8000-000000000003', 'e3333333-0000-4000-8000-000000000032', 'a8888888-8888-4000-8000-000000000008', 'acacacac-acac-4000-8000-0000000000ac', 'b1111111-0000-4000-8000-000000000004', 2, 'supplychain_confirmed', 'SUPPLIER_DECLARED', 'verified'),
('53222222-0000-4000-8000-000000000004', 'e3333333-0000-4000-8000-000000000032', 'acacacac-acac-4000-8000-0000000000ac', 'a5555555-5555-4000-8000-000000000005', 'b1111111-0000-4000-8000-000000000008', 3, 'supplychain_confirmed', 'SUPPLIER_DECLARED', 'verified');

-- в‘Ј Mercedes EQS [Happy] мӣҗмІӯвҶ’мҡ°м§„л°°н„°лҰ¬вҶ’лҸҷм„ұCAMвҶ’м№ л ҲлҰ¬нҠ¬
INSERT INTO supply_chain_map (map_id, bom_version_id, parent_supplier_id, child_supplier_id, part_id, hop_level, link_status, source_system, verification_status) VALUES
('54444444-0000-4000-8000-000000000001', 'e4444444-0000-4000-8000-000000000004', NULL,                                     'a0000000-0000-4000-8000-000000000000', 'b1111111-0000-4000-8000-000000000001', 0, 'supplychain_confirmed', 'ERP', 'verified'),
('54444444-0000-4000-8000-000000000002', 'e4444444-0000-4000-8000-000000000004', 'a0000000-0000-4000-8000-000000000000', 'a7777777-7777-4000-8000-000000000007', 'b1111111-0000-4000-8000-000000000003', 1, 'supplychain_confirmed', 'ERP', 'verified'),
('54444444-0000-4000-8000-000000000003', 'e4444444-0000-4000-8000-000000000004', 'a7777777-7777-4000-8000-000000000007', 'a2222222-2222-4000-8000-000000000002', 'b1111111-0000-4000-8000-000000000006', 2, 'supplychain_confirmed', 'SUPPLIER_DECLARED', 'verified'),
('54444444-0000-4000-8000-000000000004', 'e4444444-0000-4000-8000-000000000004', 'a2222222-2222-4000-8000-000000000002', 'a9999999-9999-4000-8000-000000000009', 'b1111111-0000-4000-8000-00000000000b', 3, 'supplychain_confirmed', 'SUPPLIER_DECLARED', 'verified');

-- л¶„н•  лӮ©н’Ҳ л№„мңЁ (iX3 1м°Ё лӮ©н’Ҳ: н•ңм–‘м…ҖвҶ’мӣҗмІӯ, hop1 вҖ” н•ңм–‘ лӢЁмқјкіөмһҘ 100%)
--   мөңмғҒмң„ лӮ©н’Ҳ мЎ°мқёмқҙ hop_level=1 м—Јм§Җмқҳ supply_ratio.volume мқ„ мӮ¬мҡ© вҶ’ hop1(map ...002)м—җ м—°кІ°.
INSERT INTO supply_ratio (map_id, factory_id, ratio_percentage, volume, unit) VALUES
('51111111-0000-4000-8000-000000000002', 'f1111111-0000-4000-8000-000000000001', 100.00, 10000, 'ea');

-- кіөмһҘлі„ нғ„мҶҢл°ңмһҗкөӯ м„ м–ё (EU л°°н„°лҰ¬лІ• ART7)
-- кё°мЎҙ кіөкёүмӮ¬ лӢЁмң„ carbon_intensity вҶ’ кіөмһҘ лӢЁмң„ м„ м–ёмңјлЎң мқҙкҙҖ.
-- лҢҖм„ұм •л°Җ нҷ”м„ұкіөмһҘ(f4)мқҖ мқҳлҸ„м ҒмңјлЎң лҜёINSERT вҶ’ ART7 м„ м–ё лҲ„лқҪ вҶ’ needs_human_review нҠёлҰ¬кұ° мң м§Җ.
INSERT INTO factory_carbon_declarations (factory_id, carbon_intensity, methodology, declared_at, valid_from, source) VALUES
('f1111111-0000-4000-8000-000000000001', 2.3400, 'PEF', '2025-01-01', '2025-01-01', 'third_party_verified'),  -- н•ңм–‘м…Җ нҸ¬н•ӯ (Happy)
('f7777777-0000-4000-8000-000000000007', 2.5100, 'PEF', '2025-01-01', '2025-01-01', 'third_party_verified'),  -- мҡ°м§„л°°н„°лҰ¬ мҡёмӮ° (Happy)
('f2222222-0000-4000-8000-000000000002', 3.1000, 'PEF', '2025-01-01', '2025-01-01', 'supplier_declared');     -- лҸҷм„ұлЁёнӢ°лҰ¬м–ј мІңм•Ҳ


-- ============================================================
-- 12. мҡҙмҳҒ / л°°м№ҳ (мҳҒм—ӯ 9) вҖ” 4м ңн’Ҳ л°°м№ҳ
-- ============================================================
-- в‘  iX3 [Happy] EUеҗ‘ л°ңн–үмҷ„лЈҢ
INSERT INTO batches (batch_id, product_id, bom_version_id, tenant_id, destination, current_stage, status, confidence_score, source_system, external_id) VALUES
('ba111111-0000-4000-8000-000000000001', 'd1111111-0000-4000-8000-000000000001', 'e1111111-0000-4000-8000-000000000001', 'a0eebc99-9c0b-4ef8-bb6d-6bb9bd380a11', 'EU', 'stage_issuance',   'batch_completed', 0.9600, 'MES', 'MES-LOT-IX3'),
-- в‘Ў i4 [Gray] EUеҗ‘ м ҖмӢ лў° вҶ’ HITL лҢҖкё°
('ba222222-0000-4000-8000-000000000002', 'd2222222-0000-4000-8000-000000000002', 'e2222222-0000-4000-8000-000000000002', 'a0eebc99-9c0b-4ef8-bb6d-6bb9bd380a11', 'EU', 'stage_compliance', 'batch_hitl_wait',  0.7000, 'MES', 'MES-LOT-I4'),
-- в‘ў GLC Lot2 [Sad] USеҗ‘ risk 70+ вҶ’ HITL л°ҳл Ө мҳҲм •
('ba333333-0000-4000-8000-000000000003', 'd3333333-0000-4000-8000-000000000003', 'e3333333-0000-4000-8000-000000000032', 'a0eebc99-9c0b-4ef8-bb6d-6bb9bd380a11', 'US', 'stage_risk',       'batch_hitl_wait',  0.9100, 'MES', 'MES-LOT-GLC2'),
-- в‘Ј EQS [Happy] EUеҗ‘ л°ңн–үмҷ„лЈҢ
('ba444444-0000-4000-8000-000000000004', 'd4444444-0000-4000-8000-000000000004', 'e4444444-0000-4000-8000-000000000004', 'a0eebc99-9c0b-4ef8-bb6d-6bb9bd380a11', 'EU', 'stage_issuance',   'batch_completed', 0.9500, 'MES', 'MES-LOT-EQS');


-- ============================================================
-- 13. к·ңм ң / м»ҙн”Ңлқјмқҙм–ёмҠӨ (мҳҒм—ӯ 10) вҖ” л°°м№ҳлі„ нҢҗм •
-- ============================================================
-- в‘  iX3 [Happy] EU нҶөкіј
INSERT INTO compliance_results (batch_id, regulation_id, supplier_id, verdict, needs_human_review, cited_clauses, confidence_score, reasoning_text)
SELECT 'ba111111-0000-4000-8000-000000000001', regulation_id, 'a1111111-1111-4000-8000-000000000001', 'compliance_passed', FALSE, '["EU 2023/1542 Art.7"]'::jsonb, 0.96, 'нғ„мҶҢл°ңмһҗкөӯ мӢ кі  м •мғҒ'
FROM regulations WHERE regulation_code = 'EU_BATTERY_ART7';

-- в‘Ј EQS [Happy] EU нҶөкіј
INSERT INTO compliance_results (batch_id, regulation_id, supplier_id, verdict, needs_human_review, cited_clauses, confidence_score, reasoning_text)
SELECT 'ba444444-0000-4000-8000-000000000004', regulation_id, 'a7777777-7777-4000-8000-000000000007', 'compliance_passed', FALSE, '["EU 2023/1542 Art.7"]'::jsonb, 0.95, 'нғ„мҶҢл°ңмһҗкөӯ мӢ кі  м •мғҒ'
FROM regulations WHERE regulation_code = 'EU_BATTERY_ART7';

-- в‘Ў i4 [Gray] EU_BATTERY нҡҢмғүм§ҖлҢҖ (needs_human_review)
INSERT INTO compliance_results (batch_id, regulation_id, supplier_id, verdict, needs_human_review, cited_clauses, confidence_score, reasoning_text)
SELECT 'ba222222-0000-4000-8000-000000000002', regulation_id, 'a4444444-4444-4000-8000-000000000004', 'compliance_warning', TRUE, '["EU 2023/1542"]'::jsonb, 0.70, 'м „кө¬мІҙ мӣҗмӮ°м§Җ лҜёнҷ•мқё вҖ” мӮ¬лһҢ кІҖнҶ  н•„мҡ”'
FROM regulations WHERE regulation_code = 'EU_BATTERY';

-- в‘ў GLC Lot2 [Sad] UFLPA мң„л°ҳ
INSERT INTO compliance_results (batch_id, regulation_id, supplier_id, verdict, needs_human_review, cited_clauses, confidence_score, reasoning_text)
SELECT 'ba333333-0000-4000-8000-000000000003', regulation_id, 'a5555555-5555-4000-8000-000000000005', 'compliance_violation', FALSE, '["UFLPA Sec.3"]'::jsonb, 0.93, 'мӢ мһҘ к°•м ңл…ёлҸҷ мқҳнҳ№ вҖ” мң„л°ҳ'
FROM regulations WHERE regulation_code = 'UFLPA';

-- в‘ў GLC Lot2 [Sad] IRA FEOC мң„л°ҳ (мҷёкөӯм§Җл¶„ 28.5% > 25%)
INSERT INTO compliance_results (batch_id, regulation_id, supplier_id, verdict, needs_human_review, cited_clauses, confidence_score, reasoning_text)
SELECT 'ba333333-0000-4000-8000-000000000003', regulation_id, 'a5555555-5555-4000-8000-000000000005', 'compliance_violation', FALSE, '["IRA FEOC"]'::jsonb, 0.94, 'FEOC мҡ°л Өкөӯ м§Җл¶„ 28.5% мҙҲкіј вҖ” м°ЁлӢЁ'
FROM regulations WHERE regulation_code = 'IRA';


-- ============================================================
-- 13-B. W5 C1 вҖ” к·ңм ңлі„ н•„мҲҳ н•„л“ң лӘ…м„ё мӢңл“ң (regulation_required_fields)
-- ============================================================
-- EU_BATTERY (Annex XII вҖ” мһ¬нҷңмҡ© н•Ёлҹү)
INSERT INTO regulation_required_fields (regulation_id, field_name, field_type, provider_type_applicable, is_mandatory)
SELECT regulation_id, 'recycled_content_ratio', 'numeric', '["recycler","manufacturer"]'::jsonb, TRUE
FROM regulations WHERE regulation_code = 'EU_BATTERY';

INSERT INTO regulation_required_fields (regulation_id, field_name, field_type, provider_type_applicable, is_mandatory)
SELECT regulation_id, 'recycled_materials', 'jsonb', '["recycler"]'::jsonb, TRUE
FROM regulations WHERE regulation_code = 'EU_BATTERY';

-- EU_BATTERY_ART7 (Art.7 / Annex II вҖ” нғ„мҶҢл°ңмһҗкөӯ)
INSERT INTO regulation_required_fields (regulation_id, field_name, field_type, provider_type_applicable, is_mandatory)
SELECT regulation_id, 'carbon_intensity', 'numeric', '["manufacturer"]'::jsonb, TRUE
FROM regulations WHERE regulation_code = 'EU_BATTERY_ART7';

INSERT INTO regulation_required_fields (regulation_id, field_name, field_type, provider_type_applicable, is_mandatory)
SELECT regulation_id, 'factory_carbon_declarations', 'jsonb', '["manufacturer"]'::jsonb, TRUE
FROM regulations WHERE regulation_code = 'EU_BATTERY_ART7';

-- EUDR (мӮјлҰјлІҢмұ„ вҖ” GPS + мӣҗмӮ°м§Җ)
INSERT INTO regulation_required_fields (regulation_id, field_name, field_type, provider_type_applicable, is_mandatory)
SELECT regulation_id, 'mine_coordinates', 'geojson', '["miner"]'::jsonb, TRUE
FROM regulations WHERE regulation_code = 'EUDR';

INSERT INTO regulation_required_fields (regulation_id, field_name, field_type, provider_type_applicable, is_mandatory)
SELECT regulation_id, 'origin_country', 'text', '["miner","trader"]'::jsonb, TRUE
FROM regulations WHERE regulation_code = 'EUDR';

-- UFLPA (мӣҗмӮ°м§Җ + к°•м ңл…ёлҸҷ мң„н—ҳ н”Ңлһҳк·ё)
INSERT INTO regulation_required_fields (regulation_id, field_name, field_type, provider_type_applicable, is_mandatory)
SELECT regulation_id, 'origin_country', 'text', '["miner","trader"]'::jsonb, TRUE
FROM regulations WHERE regulation_code = 'UFLPA';

INSERT INTO regulation_required_fields (regulation_id, field_name, field_type, provider_type_applicable, is_mandatory)
SELECT regulation_id, 'geo_risk_flags', 'jsonb', '["miner"]'::jsonb, FALSE
FROM regulations WHERE regulation_code = 'UFLPA';

-- IRA (FEOC м§Җл¶„)
INSERT INTO regulation_required_fields (regulation_id, field_name, field_type, provider_type_applicable, is_mandatory)
SELECT regulation_id, 'feoc_direct_ownership', 'numeric', '["trader","manufacturer"]'::jsonb, TRUE
FROM regulations WHERE regulation_code = 'IRA';

INSERT INTO regulation_required_fields (regulation_id, field_name, field_type, provider_type_applicable, is_mandatory)
SELECT regulation_id, 'feoc_indirect_ownership', 'numeric', '["trader","manufacturer"]'::jsonb, FALSE
FROM regulations WHERE regulation_code = 'IRA';


-- ============================================================
-- 14. лҚ°мқҙн„° нқҗлҰ„ / Submission (мҳҒм—ӯ 11)
-- ============================================================
INSERT INTO data_request_log (request_id, requester_user_id, target_supplier_id, requested_data_type, requested_at, due_date, response_status, submission_status) VALUES
('da111111-0000-4000-8000-000000000001', '11111111-0000-4000-8000-000000000002', 'a1111111-1111-4000-8000-000000000001', 'нғ„мҶҢл°ңмһҗкөӯ мҰқл№ҷ', now() - interval '15 days', now() - interval '1 day', 'response_responded', 'submission_approved'),
('da444444-0000-4000-8000-000000000004', '11111111-0000-4000-8000-000000000002', 'a4444444-4444-4000-8000-000000000004', 'кіөмһҘ м •ліҙ',       now() - interval '6 days',  now() + interval '8 days', 'response_responded', 'submission_rework'),
('daababab-0000-4000-8000-0000000000ab', '11111111-0000-4000-8000-000000000002', 'abababab-abab-4000-8000-0000000000ab', 'мӣҗмӮ°м§Җ мҰқл№ҷ',     now() - interval '22 days', now() - interval '8 days', 'response_escalated', 'submission_requested');

INSERT INTO submission_documents (document_id, request_id, supplier_id, file_url, file_name, file_type, doc_category, file_hash, uploaded_by) VALUES
('d0c11111-0000-4000-8000-000000000001', 'da111111-0000-4000-8000-000000000001', 'a1111111-1111-4000-8000-000000000001', 's3://kira-docs/hy_carbon.pdf',  'hy_carbon.pdf',  'pdf',  'carbon_data', 'a1b2c3d4e5f60718293a4b5c6d7e8f90a1b2c3d4e5f60718293a4b5c6d7e8f90', '11111111-0000-4000-8000-000000000004'),
('d0c44444-0000-4000-8000-000000000004', 'da444444-0000-4000-8000-000000000004', 'a4444444-4444-4000-8000-000000000004', 's3://kira-docs/ds_factory.xlsx','ds_factory.xlsx','xlsx', 'factory_doc', 'b2c3d4e5f60718293a4b5c6d7e8f90a1b2c3d4e5f60718293a4b5c6d7e8f90a1', '11111111-0000-4000-8000-000000000006');

INSERT INTO document_extraction_results (request_id, document_id, parsed_fields, confidence_map, unparsed_fields, supplier_confirmed, confirmed_at) VALUES
('da111111-0000-4000-8000-000000000001', 'd0c11111-0000-4000-8000-000000000001', '{"carbon_intensity":2.34,"energy_source":"renewable"}'::jsonb, '{"carbon_intensity":0.96,"energy_source":0.91}'::jsonb, '[]'::jsonb, TRUE, now() - interval '2 days'),
('da444444-0000-4000-8000-000000000004', 'd0c44444-0000-4000-8000-000000000004', '{"factory_name":"нҷ”м„ұ кіөмһҘ","capacity":"2GWh"}'::jsonb, '{"factory_name":0.95,"capacity":0.62}'::jsonb, '["energy_source"]'::jsonb, FALSE, NULL);

INSERT INTO submission_status_history (request_id, from_status, to_status, actor_id, reason) VALUES
('da111111-0000-4000-8000-000000000001', 'submission_submitted', 'submission_approved', '11111111-0000-4000-8000-000000000002', 'кІҖнҶ  нҶөкіј'),
('da444444-0000-4000-8000-000000000004', 'submission_review',    'submission_rework',  '11111111-0000-4000-8000-000000000002', 'мһҗлЈҢ ліҙмҷ„ мҡ”мІӯ');

INSERT INTO data_completeness_status (entity_type, entity_id, required_field_count, filled_field_count, completion_rate, missing_fields, last_updated_by) VALUES
('supplier', 'a1111111-1111-4000-8000-000000000001', 12, 11, 91.67, '[]'::jsonb, '11111111-0000-4000-8000-000000000002'),
('supplier', 'a4444444-4444-4000-8000-000000000004', 12, 7,  58.33, '["energy_source","cert"]'::jsonb, '11111111-0000-4000-8000-000000000002');

INSERT INTO notifications (user_id, channel, notification_type, subject, body, status, dedup_key) VALUES
('11111111-0000-4000-8000-000000000005', 'email', 'sla_warning', 'SLA мһ„л°•', 'мӣҗмӮ°м§Җ мҰқл№ҷ м ңм¶ң кё°н•ңмқҙ м§ҖлӮ¬мҠөлӢҲлӢӨ', 'pending', 'sla_reminder:daababab:2026-05-29');


-- ============================================================
-- 15. к°җмӮ¬ м¶”м Ғ / HITL (мҳҒм—ӯ 12)
-- ============================================================
-- HITL: в‘ў Sad=risk_escalated л°ҳл ӨмҳҲм • / в‘Ў Gray=gray_zone кІҖнҶ лҢҖкё°
INSERT INTO hitl_reviews (review_id, batch_id, reason, trigger_stage, assigned_to, status) VALUES
('41111111-0000-4000-8000-000000000003', 'ba333333-0000-4000-8000-000000000003', 'risk_escalated', 'stage_risk',       '11111111-0000-4000-8000-000000000002', 'hitl_pending'),
('41111111-0000-4000-8000-000000000002', 'ba222222-0000-4000-8000-000000000002', 'gray_zone',      'stage_compliance', '11111111-0000-4000-8000-000000000002', 'hitl_pending');

-- к°җмӮ¬ н•ҙмӢңмІҙмқё (iX3 Happy мөңмҶҢ мҳҲмӢң)
INSERT INTO audit_trail (batch_id, step_number, node_type, node_name, input_hash, output_hash, prev_hash, duration_ms) VALUES
('ba111111-0000-4000-8000-000000000001', 1, 'agent', 'data_gateway', '0000000000000000000000000000000000000000000000000000000000000001', '0000000000000000000000000000000000000000000000000000000000000002', NULL, 120),
('ba111111-0000-4000-8000-000000000001', 2, 'agent', 'compliance',   '0000000000000000000000000000000000000000000000000000000000000002', '0000000000000000000000000000000000000000000000000000000000000003', '0000000000000000000000000000000000000000000000000000000000000002', 340);
-- ============================================================
-- TO-BE нҷ•мһҘ мӢңл“ң (н”„лЎңм„ёмҠӨ м •мқҳм„ң л°ҳмҳҒ)
-- ============================================================

-- 1) лӢӨлӢЁкі„ кІ°мһ¬м„ мҡ© мЎ°м§ҒлҸ„(manager_id). кё°мЎҙ role: admin(0001) / owner_esg(0002) / owner_purchasing(0003)
-- Admin(0001) = мөңкі  мһ„мӣҗ. owner_purchasing(0003) мғҒкёүмһҗ вҶ’ owner_esg(0002).
-- (002вҶ’008 кІ°мһ¬м„ мқҖ м•„лһҳ SEED DELTA лё”лЎқм—җм„ң м§Җм •н•ңлӢӨ.)
UPDATE users SET manager_id = '11111111-0000-4000-8000-000000000002'
WHERE user_id = '11111111-0000-4000-8000-000000000003';

-- 2) Watchlist (UFLPA Entity List мҳҲмӢң). matched_supplier_id лЎң мӢӨм ң Sad path кіөкёүмӮ¬м—җ л§Өм№ӯ.
--    'Global Mining Corp' вҶ’ Xinjiang Nickel Refinery(acacвҖҰac) л§Өм№ӯ = мҶҢкёү к°•л“ұ мӢңм—°мҡ©.
--    'Xinjiang Mining Group' вҶ’ лҜёл§Өм№ӯ(NULL, н…ҚмҠӨнҠё нӣ„ліҙл§Ң) = мһҗлҸҷлҢҖмЎ° лҜёмҠӨ мјҖмқҙмҠӨ мӢңм—°.
INSERT INTO watchlists (watchlist_id, entity_name, country, reason, matched_supplier_id, source) VALUES
('a0000000-0000-4000-8000-000000000001', 'Global Mining Corp',     'CN', 'мӢ мһҘ мң„кө¬лҘҙ к°•м ңл…ёлҸҷ мқҳнҳ№ м ңмһ¬ лҢҖмғҒ (UFLPA Entity List)', 'acacacac-acac-4000-8000-0000000000ac', 'UFLPA_ENTITY_LIST'),
('a0000000-0000-4000-8000-000000000002', 'Xinjiang Mining Group',  'CN', 'мӢ мһҘ м§Җм—ӯ мұ„көҙ м ңмһ¬ лҢҖмғҒ',                              NULL,                                   'UFLPA_ENTITY_LIST');

-- 3) мӢӨмӮ¬ м •мұ… л¬ём„ң 1кұҙ (CSDDD лҢҖмқ‘, active)
INSERT INTO due_diligence_policies (policy_id, title, version, status, document_url, created_by, published_at) VALUES
('d0000000-0000-4000-8000-000000000001', 'KIRA кіөкёүл§қ мӢӨмӮ¬ м •мұ…', 'v1.0', 'active', 's3://kira-documents/policies/dd_policy_v1.pdf', '11111111-0000-4000-8000-000000000002', now());


-- ===== SEED DELTA: кІ°мһ¬м„ мҡ© л¶Җм„ңмһҘ м¶”к°Җ (02_seed_data.sql) =====
-- A л°©н–Ҙ: role enum ліҖкІҪ м—ҶмқҢ. м§Ғмұ… кі„мёө(лӢҙлӢ№вҶ”л¶Җм„ңмһҘ)мқҖ manager_id лЎңл§Ң н‘ңнҳ„.
-- ESG лӢҙлӢ№(002)мқҙ м»ҙн”Ңлқјмқҙм–ёмҠӨ ліҙкі м„ң кё°м•Ҳ вҶ’ ESG л¶Җм„ңмһҘ(008) кІ°мһ¬ вҶ’ лҒқ. (2лӢЁкі„)

-- 1) ESG л¶Җм„ңмһҘ(008) лӢЁкұҙ INSERT (кІ°мһ¬м„  мөңмғҒлӢЁ, manager_id NULL).
--    001~007 мқҖ мң„ лқјмқё 34 лё”лЎқм—җм„ң мқҙлҜё м Ғмһ¬лҗЁ вҖ” мһ¬INSERT мӢң PK м¶©лҸҢмқҙлҜҖлЎң 008л§Ң м¶”к°Җ.
INSERT INTO users (user_id, tenant_id, email, password_hash, name, role, manager_id) VALUES
('11111111-0000-4000-8000-000000000008', 'a0eebc99-9c0b-4ef8-bb6d-6bb9bd380a11', 'esg.head@kira.demo',    '$2b$12$XO1O./JYL5VKDkodX2RdpOZSfFA7PSkeViaPqiOSQG4szW7fGVjf.', 'ESG Head',        'owner_esg',        NULL);

-- 2) ESG лӢҙлӢ№(002)мқҳ мғҒкёүмһҗлҘј ESG л¶Җм„ңмһҘ(008)мңјлЎң м§Җм • (кё°м•ҲвҶ’л¶Җм„ңмһҘ кІ°мһ¬ 2лӢЁкі„).
UPDATE users SET manager_id = '11111111-0000-4000-8000-000000000008'
WHERE user_id = '11111111-0000-4000-8000-000000000002';